{
	"invocation": "smart lock",
	"intents": [
		{
			"name": "lockDoorIntent",
			"phrases": [
				"lockd the door",
				"lock door"
			]
		},
		{
			"name": "MyNameIsIntent",
			"phrases": [
				"{name}",
				"my name is {name}",
				"i am {name}",
				"you can call me {name}"
			],
			"inputs": [
				{
					"name": "name",
					"type": {
						"alexa": "AMAZON.US_FIRST_NAME",
						"dialogflow": "@sys.given-name"
					}
				}
			]
		}
	],
	"alexa": {
		"interactionModel": {
			"languageModel": {
				"intents": [
					{
						"name": "AMAZON.CancelIntent",
						"samples": []
					},
					{
						"name": "AMAZON.HelpIntent",
						"samples": []
					},
					{
						"name": "AMAZON.StopIntent",
						"samples": []
					}
				]
			}
		}
	}
}
