[
	{
		"data": [
			{
				"text": "lock",
				"userDefined": false
			}
		],
		"isTemplate": false,
		"count": 0
	},
	{
		"data": [
			{
				"text": "lock the door",
				"userDefined": false
			}
		],
		"isTemplate": false,
		"count": 0
	},
	{
		"data": [
			{
				"text": "lock my front door",
				"userDefined": false
			}
		],
		"isTemplate": false,
		"count": 0
	},
	{
		"data": [
			{
				"text": "lock all of the doors",
				"userDefined": false
			}
		],
		"isTemplate": false,
		"count": 0
	}
]