{
	"interactionModel": {
		"languageModel": {
			"invocationName": "smart lock",
			"types": [],
			"intents": [
				{
					"name": "lockDoorIntent",
					"samples": [
						"lock",
						"lock the door",
						"lock my front door",
						"lock all of the doors"
					]
				},
				{
					"name": "MyNameIsIntent",
					"samples": [
						"{name}",
						"my name is {name}",
						"i am {name}",
						"you can call me {name}"
					],
					"slots": [
						{
							"name": "name",
							"type": "AMAZON.US_FIRST_NAME"
						}
					]
				},
				{
					"name": "AMAZON.CancelIntent",
					"samples": []
				},
				{
					"name": "AMAZON.HelpIntent",
					"samples": []
				},
				{
					"name": "AMAZON.StopIntent",
					"samples": []
				}
			]
		}
	}
}