{
	"invocation": "smart lock",
	"intents": [
		{
			"name": "lockDoorIntent",
			"phrases": [
				"lock",
				"lock the door",
				"lock my front door",
				"lock all of the doors"
			]
		},
		{
			"name": "MyNameIsIntent",
			"phrases": [
				"{name}",
				"my name is {name}",
				"i am {name}",
				"you can call me {name}"
			],
			"inputs": [
				{
					"name": "name",
					"type": {
						"alexa": "AMAZON.US_FIRST_NAME",
						"dialogflow": "@sys.given-name"
					}
				}
			]
		}
	],
	"alexa": {
		"interactionModel": {
			"languageModel": {
				"intents": [
					{
						"name": "AMAZON.CancelIntent",
						"samples": []
					},
					{
						"name": "AMAZON.HelpIntent",
						"samples": []
					},
					{
						"name": "AMAZON.StopIntent",
						"samples": []
					}
				]
			}
		}
	},
	"dialogflow": {
		"intents": [
			{
				"name": "Default Fallback Intent",
				"auto": true,
				"webhookUsed": true,
				"fallbackIntent": true
			},
			{
				"name": "Default Welcome Intent",
				"auto": true,
				"webhookUsed": true,
				"events": [
					{
						"name": "WELCOME"
					}
				]
			}
		]
	}
}
